{"0":{"0":0.037876087,"1":-0.3473825857,"2":0.2437564073,"3":0.8056296825,"4":0.7881607797,"5":-0.7553419879,"6":0.6639113519,"7":-1.4486036431,"8":0.1810338888,"9":-1.001922151,"10":-0.8616252235,"11":1.2035795378,"12":-0.0813405135,"13":-0.0502784201,"14":0.9756146561,"15":-0.1724475008,"16":2.0515829371,"17":0.8775331174,"18":-1.0088088268,"19":0.1893867759,"20":-0.3107538526,"21":-0.7499357682,"22":0.0376051296,"23":-1.0447430558,"24":-0.5089182541,"25":1.1958496059,"26":0.1837787307,"27":-0.4622488132,"28":-0.9010696748,"29":-0.3610968711,"30":0.99925679,"31":1.2140572214,"32":0.6189401824,"33":-0.5750315991,"34":0.7196934781,"35":-0.16316647,"36":0.3394530377,"37":1.0892730946,"38":-1.4560924976,"39":-0.2931732098,"40":0.8259055014,"41":-0.6527127013,"42":-1.9659739755,"43":-0.0567050841,"44":0.6545276418,"45":0.9893463866,"46":-1.104896746,"47":0.2147974287,"48":0.3957496887,"49":1.3527662273},"1":{"0":1.5309321109,"1":1.4984714419,"2":0.3630030341,"3":-0.8972994391,"4":0.677107754,"5":-0.6056229282,"6":2.3141098572,"7":-0.7300096249,"8":-0.5827534631,"9":-0.0310850522,"10":1.1921465478,"11":-0.7269829129,"12":1.910635855,"13":0.9946747834,"14":1.3888433125,"15":0.0081270442,"16":-0.4962435688,"17":1.0555630448,"18":-1.317486783,"19":-2.905058695,"20":1.6851833038,"21":1.1505430338,"22":0.5853770845,"23":0.1224619385,"24":1.190061909,"25":1.2462312888,"26":-0.6521799865,"27":-0.1206918256,"28":0.2290266329,"29":1.2455272292,"30":-0.0898986295,"31":1.649944726,"32":0.3100463411,"33":-0.0487539151,"34":1.1679906997,"35":-0.5346623215,"36":-0.0978280123,"37":-1.4290053965,"38":0.8658740345,"39":0.1533204354,"40":-0.064378464,"41":1.6160471825,"42":2.2240674344,"43":-0.6213405438,"44":0.1687851941,"45":-1.5626625854,"46":-0.1884673407,"47":-0.1251575085,"48":1.205624176,"49":-0.1482518773},"2":{"0":0.849223904,"1":0.0891235158,"2":-1.0202233991,"3":-1.3622142575,"4":-0.0199510778,"5":1.9325197726,"6":0.2180994634,"7":-0.3529090105,"8":0.1253018839,"9":-1.9495400632,"10":-0.1617914516,"11":0.1928765903,"12":0.5371072642,"13":-1.084232455,"14":0.0559687065,"15":0.0966774367,"16":1.1465195841,"17":1.392160538,"18":0.9737117356,"19":0.3653904353,"20":-1.3568679384,"21":-0.3089643102,"22":0.2494217281,"23":-0.6222220739,"24":0.6545093299,"25":0.8379184254,"26":-0.3846006127,"27":0.8898286172,"28":1.4444809217,"29":1.3401285097,"30":-1.3364218039,"31":-0.403960176,"32":2.5891761062,"33":0.1447222264,"34":-1.4489081438,"35":-0.6188307192,"36":0.0571412943,"37":-0.2363182851,"38":-0.0874493019,"39":0.4473383684,"40":0.9324598137,"41":-0.540178183,"42":0.193239036,"43":0.1630519387,"44":-0.2450892229,"45":-0.6056506728,"46":0.8578934916,"47":-0.0869509363,"48":0.8543442998,"49":0.4422704476}}